Metric,Value
design__lint_error__count,0
design__lint_timing_construct__count,0
design__lint_warning__count,16
design__inferred_latch__count,0
design__instance__count,8178
design__instance__area,93350.9
design__instance_unmapped__count,0
synthesis__check_error__count,0
design__max_slew_violation__count__corner:nom_fast_1p32V_m40C,0
design__max_fanout_violation__count__corner:nom_fast_1p32V_m40C,0
design__max_cap_violation__count__corner:nom_fast_1p32V_m40C,0
power__internal__total,0.0010695329401642084
power__switching__total,0.00047192678903229535
power__leakage__total,0.000002832091240634327
power__total,0.0015442917356267571
clock__skew__worst_hold__corner:nom_fast_1p32V_m40C,0.3783345133154047
clock__skew__worst_setup__corner:nom_fast_1p32V_m40C,0.878977138175808
timing__hold__ws__corner:nom_fast_1p32V_m40C,0.1655307049394601
timing__setup__ws__corner:nom_fast_1p32V_m40C,2.389610799095257
timing__hold__tns__corner:nom_fast_1p32V_m40C,0.0
timing__setup__tns__corner:nom_fast_1p32V_m40C,0.0
timing__hold__wns__corner:nom_fast_1p32V_m40C,0
timing__setup__wns__corner:nom_fast_1p32V_m40C,0.0
timing__hold_vio__count__corner:nom_fast_1p32V_m40C,0
timing__hold_r2r__ws__corner:nom_fast_1p32V_m40C,0.165531
timing__hold_r2r_vio__count__corner:nom_fast_1p32V_m40C,0
timing__setup_vio__count__corner:nom_fast_1p32V_m40C,0
timing__setup_r2r__ws__corner:nom_fast_1p32V_m40C,4.323268
timing__setup_r2r_vio__count__corner:nom_fast_1p32V_m40C,0
design__max_slew_violation__count__corner:nom_slow_1p08V_125C,0
design__max_fanout_violation__count__corner:nom_slow_1p08V_125C,0
design__max_cap_violation__count__corner:nom_slow_1p08V_125C,0
clock__skew__worst_hold__corner:nom_slow_1p08V_125C,1.215598101030076
clock__skew__worst_setup__corner:nom_slow_1p08V_125C,1.7174540054016794
timing__hold__ws__corner:nom_slow_1p08V_125C,0.7458424644553762
timing__setup__ws__corner:nom_slow_1p08V_125C,1.8851547523264447
timing__hold__tns__corner:nom_slow_1p08V_125C,0.0
timing__setup__tns__corner:nom_slow_1p08V_125C,0.0
timing__hold__wns__corner:nom_slow_1p08V_125C,0
timing__setup__wns__corner:nom_slow_1p08V_125C,0.0
timing__hold_vio__count__corner:nom_slow_1p08V_125C,0
timing__hold_r2r__ws__corner:nom_slow_1p08V_125C,0.745842
timing__hold_r2r_vio__count__corner:nom_slow_1p08V_125C,0
timing__setup_vio__count__corner:nom_slow_1p08V_125C,0
timing__setup_r2r__ws__corner:nom_slow_1p08V_125C,3.731792
timing__setup_r2r_vio__count__corner:nom_slow_1p08V_125C,0
design__max_slew_violation__count__corner:nom_typ_1p20V_25C,0
design__max_fanout_violation__count__corner:nom_typ_1p20V_25C,0
design__max_cap_violation__count__corner:nom_typ_1p20V_25C,0
clock__skew__worst_hold__corner:nom_typ_1p20V_25C,0.6811920109681157
clock__skew__worst_setup__corner:nom_typ_1p20V_25C,1.1822396729549332
timing__hold__ws__corner:nom_typ_1p20V_25C,0.3747612881651666
timing__setup__ws__corner:nom_typ_1p20V_25C,2.2038118620450153
timing__hold__tns__corner:nom_typ_1p20V_25C,0.0
timing__setup__tns__corner:nom_typ_1p20V_25C,0.0
timing__hold__wns__corner:nom_typ_1p20V_25C,0
timing__setup__wns__corner:nom_typ_1p20V_25C,0.0
timing__hold_vio__count__corner:nom_typ_1p20V_25C,0
timing__hold_r2r__ws__corner:nom_typ_1p20V_25C,0.374761
timing__hold_r2r_vio__count__corner:nom_typ_1p20V_25C,0
timing__setup_vio__count__corner:nom_typ_1p20V_25C,0
timing__setup_r2r__ws__corner:nom_typ_1p20V_25C,4.111560
timing__setup_r2r_vio__count__corner:nom_typ_1p20V_25C,0
design__max_slew_violation__count,0
design__max_fanout_violation__count,0
design__max_cap_violation__count,0
clock__skew__worst_hold,1.215598101030076
clock__skew__worst_setup,0.878977138175808
timing__hold__ws,0.1655307049394601
timing__setup__ws,1.8851547523264447
timing__hold__tns,0.0
timing__setup__tns,0.0
timing__hold__wns,0
timing__setup__wns,0.0
timing__hold_vio__count,0
timing__hold_r2r__ws,0.165531
timing__hold_r2r_vio__count,0
timing__setup_vio__count,0
timing__setup_r2r__ws,3.731792
timing__setup_r2r_vio__count,0
design__die__bbox,0.0 0.0 500.0 200.0
design__core__bbox,2.88 3.78 496.8 192.78
design__io,49
design__die__area,100000
design__core__area,93350.9
design__instance__count__stdcell,3459
design__instance__area__stdcell,54060
design__instance__count__macros,0
design__instance__area__macros,0
design__instance__count__padcells,0
design__instance__area__padcells,0
design__instance__count__cover,0
design__instance__area__cover,0
design__instance__utilization,0.579106
design__instance__utilization__stdcell,0.579106
design__rows,50
design__rows:CoreSite,50
design__sites,51450
design__sites:CoreSite,51450
design__instance__count__class:buffer,2
design__instance__area__class:buffer,30.8448
design__instance__count__class:inverter,94
design__instance__area__class:inverter,537.062
design__instance__count__class:sequential_cell,414
design__instance__area__class:sequential_cell,20393.9
design__instance__count__class:multi_input_combinational_cell,2595
design__instance__area__class:multi_input_combinational_cell,26223.5
flow__warnings__count,1
flow__errors__count,0
design__power_grid_violation__count__net:VPWR,0
design__power_grid_violation__count__net:VGND,0
design__power_grid_violation__count,0
design__instance__count__class:timing_repair_buffer,331
design__instance__area__class:timing_repair_buffer,6506.44
timing__drv__floating__nets,0
timing__drv__floating__pins,0
design__instance__displacement__total,0
design__instance__displacement__mean,0
design__instance__displacement__max,0
route__wirelength__estimated,77908
design__violations,0
design__instance__count__class:clock_buffer,17
design__instance__area__class:clock_buffer,335.664
design__instance__count__class:clock_inverter,6
design__instance__area__class:clock_inverter,32.6592
design__instance__count__setup_buffer,0
design__instance__count__hold_buffer,51
global_route__vias,21853
global_route__wirelength,132753
antenna__violating__nets,0
antenna__violating__pins,0
route__antenna_violation__count,0
antenna_diodes_count,0
route__net,3473
route__net__special,2
route__drc_errors__iter:0,704
route__wirelength__iter:0,88593
route__drc_errors__iter:1,262
route__wirelength__iter:1,88071
route__drc_errors__iter:2,174
route__wirelength__iter:2,87939
route__drc_errors__iter:3,1
route__wirelength__iter:3,87869
route__drc_errors__iter:4,0
route__wirelength__iter:4,87867
route__drc_errors,0
route__wirelength,87867
route__vias,19752
route__vias__singlecut,19752
route__vias__multicut,0
design__disconnected_pin__count,11
design__critical_disconnected_pin__count,0
route__wirelength__max,460.57
design__instance__count__class:fill_cell,4719
design__instance__area__class:fill_cell,39290.8
timing__unannotated_net__count__corner:nom_fast_1p32V_m40C,16
timing__unannotated_net_filtered__count__corner:nom_fast_1p32V_m40C,0
timing__unannotated_net__count__corner:nom_slow_1p08V_125C,16
timing__unannotated_net_filtered__count__corner:nom_slow_1p08V_125C,0
timing__unannotated_net__count__corner:nom_typ_1p20V_25C,16
timing__unannotated_net_filtered__count__corner:nom_typ_1p20V_25C,0
timing__unannotated_net__count,16
timing__unannotated_net_filtered__count,0
design_powergrid__voltage__worst__net:VPWR__corner:nom_typ_1p20V_25C,1.19887
design_powergrid__drop__average__net:VPWR__corner:nom_typ_1p20V_25C,1.19986
design_powergrid__drop__worst__net:VPWR__corner:nom_typ_1p20V_25C,0.0011347
design_powergrid__voltage__worst__net:VGND__corner:nom_typ_1p20V_25C,0.000736955
design_powergrid__drop__average__net:VGND__corner:nom_typ_1p20V_25C,0.000125335
design_powergrid__drop__worst__net:VGND__corner:nom_typ_1p20V_25C,0.000736955
design_powergrid__voltage__worst,0.000736955
design_powergrid__voltage__worst__net:VPWR,1.19887
design_powergrid__drop__worst,0.0011347
design_powergrid__drop__worst__net:VPWR,0.0011347
design_powergrid__voltage__worst__net:VGND,0.000736955
design_powergrid__drop__worst__net:VGND,0.000736955
ir__voltage__worst,1.1999999999999999555910790149937383830547332763671875
ir__drop__avg,0.00013699999999999999612983192509574337236699648201465606689453125
ir__drop__worst,0.001129999999999999928113059155521114007569849491119384765625
design__xor_difference__count,0
magic__drc_error__count,0
klayout__drc_error__count,0
magic__illegal_overlap__count,0
design__lvs_device_difference__count,0
design__lvs_net_difference__count,0
design__lvs_property_fail__count,0
design__lvs_error__count,0
design__lvs_unmatched_device__count,0
design__lvs_unmatched_net__count,0
design__lvs_unmatched_pin__count,0
